<application>
  <component name="AndroidLogcatFilterHistory">
    <option name="mostRecentlyUsed" value="tag:in-app " />
    <option name="nonFavorites">
      <list>
        <option value="tag:in-app " />
        <option value="tag:in-app' " />
        <option value="package:mine " />
        <option value="tag:IN-APP " />
        <option value="tag" />
        <option value="package:mine tag:IN-APP " />
        <option value="tag:dummy " />
        <option value="dummy" />
        <option value="okhttp" />
        <option value="http" />
        <option value="r" />
        <option value="error" />
        <option value="okhttp.OkHttpClient" />
        <option value="package:com.android.salamandra.debug level:error " />
        <option value="Error" />
        <option value="jaime" />
        <option value="SLM" />
        <option value=" " />
      </list>
    </option>
  </component>
</application>