<application>
  <component name="GeneralSettings">
    <option name="showTipsOnStartup" value="true" />
    <option name="confirmExit" value="false" />
    <option name="confirmOpenNewProject2" value="-1" />
  </component>
  <component name="Registry">
    <entry key="ide.experimental.ui" value="true" source="SYSTEM" />
    <entry key="gradle.phased.sync.enabled" value="true" source="SYSTEM" />
    <entry key="com.android.studio.ml.activeModel" value="com.android.studio.ml.AidaModel" source="SYSTEM" />
  </component>
</application>