<application>
  <component name="ProjectManager">
    <defaultProject>
      <component name="AutoImportSettings">
        <option name="autoReloadType" value="NONE" />
      </component>
      <component name="ProjectViewState">
        <option name="showLibraryContents" value="true" />
      </component>
      <component name="WindowStateProjectService">
        <state x="728" y="386" key="FileChooserDialogImpl" timestamp="1741437577720">
          <screen x="0" y="0" width="1920" height="1200" />
        </state>
        <state x="728" y="386" key="FileChooserDialogImpl/0.0.1920.1200" timestamp="1741437577720" />
      </component>
    </defaultProject>
  </component>
</application>