<application>
  <component name="Trusted.Paths">
    <option name="TRUSTED_PROJECT_PATHS">
      <map>
        <entry key="$USER_HOME$/Downloads" value="true" />
        <entry key="$USER_HOME$/Own-Projects/Salamandra/android" value="true" />
        <entry key="$USER_HOME$/Own-Projects/kotlin_WorkSpace/Android-Learning/Coroutines-Flows" value="true" />
        <entry key="$USER_HOME$/Own-Projects/kotlin_WorkSpace/Android-Learning/CoroutinesMasterclass" value="true" />
        <entry key="$USER_HOME$/Own-Projects/kotlin_WorkSpace/Android-Learning/Runique" value="true" />
        <entry key="$USER_HOME$/Own-Projects/kotlin_WorkSpace/BeePadel" value="true" />
        <entry key="$USER_HOME$/Own-Projects/kotlin_WorkSpace/Runique" value="true" />
        <entry key="$USER_HOME$/Own_Projects/Salamandra/android" value="true" />
        <entry key="$USER_HOME$/Own_Projects/kotlin_WorkSpace/JetpackComposeNavigation" value="true" />
        <entry key="$USER_HOME$/Own_Projects/kotlin_WorkSpace/ProFinder" value="true" />
        <entry key="$USER_HOME$/Own_Projects/kotlin_WorkSpace/TiledMedia_Challenge" value="true" />
        <entry key="$USER_HOME$/Own_Projects/kotlin_WorkSpace/boredom-buster" value="true" />
        <entry key="$USER_HOME$/Own_Projects/kotlin_WorkSpace/compose-destinations/sample" value="true" />
        <entry key="$USER_HOME$/tiledmedia/ShowcaseApp" value="true" />
        <entry key="$USER_HOME$/tiledmedia/TiledmediaCore/Demo/Android" value="true" />
        <entry key="$USER_HOME$/tiledmedia/TiledmediaCore/Showcase/android" value="true" />
        <entry key="$USER_HOME$/tiledmedia/TiledmediaCore/Showcase/android/java" value="true" />
        <entry key="$USER_HOME$/tiledmedia/TiledmediaCore/Showcase/android/kotlin/flat" value="true" />
        <entry key="$USER_HOME$/tiledmedia/TiledmediaCore/Showcase/android/kotlin/flat_version1" value="true" />
        <entry key="$USER_HOME$/tiledmedia/dummyPracticeApp" value="true" />
      </map>
    </option>
  </component>
</application>