<application>
  <component name="DimensionService">
    <location key="WELCOME_SCREEN.0.0.1920.1200" x="960" y="601" />
    <location key="find.popup.0.0.1920.1200" x="1240" y="640" />
    <location key="find.popup.0.0.4480.1440" x="2505" y="436" />
    <size key="GridCell.Tab.0.left.0.0.1920.1200" width="1830" height="61" />
    <size key="GridCell.Tab.0.center.0.0.1920.1200" width="1830" height="61" />
    <size key="GridCell.Tab.0.right.0.0.1920.1200" width="1830" height="61" />
    <size key="GridCell.Tab.0.bottom.0.0.1920.1200" width="1830" height="61" />
    <size key="GridCell.Tab.1.left.0.0.1920.1200" width="2462" height="225" />
    <size key="GridCell.Tab.1.center.0.0.1920.1200" width="2462" height="225" />
    <size key="GridCell.Tab.1.right.0.0.1920.1200" width="2462" height="225" />
    <size key="GridCell.Tab.1.bottom.0.0.1920.1200" width="2462" height="225" />
    <size key="find.popup.0.0.1920.1200" width="645" height="560" />
    <size key="GridCell.Tab.0.left.0.0.1920.1080" width="1824" height="469" />
    <size key="GridCell.Tab.0.center.0.0.1920.1080" width="1824" height="469" />
    <size key="GridCell.Tab.0.right.0.0.1920.1080" width="1824" height="469" />
    <size key="GridCell.Tab.0.bottom.0.0.1920.1080" width="1824" height="469" />
    <size key="find.popup.0.0.4480.1440" width="645" height="840" />
    <size key="GridCell.Tab.0.right.0.0.4480.1440" width="2462" height="225" />
    <size key="GridCell.Tab.0.left.0.0.4480.1440" width="2462" height="225" />
    <size key="GridCell.Tab.0.center.0.0.4480.1440" width="2462" height="225" />
    <size key="GridCell.Tab.0.bottom.0.0.4480.1440" width="2462" height="225" />
    <size key="GridCell.Tab.1.left.0.0.4480.1440" width="2462" height="225" />
    <size key="GridCell.Tab.1.center.0.0.4480.1440" width="2462" height="225" />
    <size key="GridCell.Tab.1.right.0.0.4480.1440" width="2462" height="225" />
    <size key="GridCell.Tab.1.bottom.0.0.4480.1440" width="2462" height="225" />
  </component>
  <component name="WindowManager">
    <frame x="4" y="30" width="1912" height="1166" />
  </component>
  <component name="WindowStateApplicationService">
    <state width="577" height="111" key="ShowUsagesActions.dimensionServiceKey" timestamp="1751821709166">
      <screen x="0" y="0" width="1920" height="1200" />
    </state>
    <state width="577" height="111" key="ShowUsagesActions.dimensionServiceKey/0.0.1920.1200" timestamp="1751821709166" />
  </component>
</application>