<keymap version="1" name="XWin copy" parent="Default for XWin">
  <action id="$Redo">
    <keyboard-shortcut first-keystroke="shift alt back_space" />
  </action>
  <action id="Github.PullRequest.Diff.Comment.Create" />
  <action id="Kotlin.NewFile">
    <keyboard-shortcut first-keystroke="shift ctrl x" />
  </action>
  <action id="NewDir">
    <keyboard-shortcut first-keystroke="shift ctrl z" />
  </action>
  <action id="UpdateRunningApplication" />
  <action id="android.deploy.ApplyChanges">
    <keyboard-shortcut first-keystroke="ctrl f10" />
  </action>
  <action id="android.deploy.CodeSwap">
    <keyboard-shortcut first-keystroke="ctrl alt f10" />
  </action>
</keymap>